Filename,Wrong Sectors,Accuracy
362642_5968459.wav.wav,0/306,1.0
368506_5187472.wav.wav,0/380,1.0
4558_2518.wav.wav,0/138,1.0
5097_2518.wav.wav,6/279,0.978494623655914
5803_2518.wav.wav,2/160,0.9875
659_586.wav.wav,0/446,1.0
903_838.wav.wav,1/259,0.9961389961389961
906_838.wav.wav,2/240,0.9916666666666667
